<?xml version="1.0" encoding="UTF-8"?>
<project-private xmlns="http://www.netbeans.org/ns/project-private/1">
    <editor-bookmarks xmlns="http://www.netbeans.org/ns/editor-bookmarks/2" lastBookmarkId="0"/>
    <open-files xmlns="http://www.netbeans.org/ns/projectui-open-files/2">
        <group>
            <file>file:/C:/Users/Ayush%20Rastogi/Downloads/Examination-System-master/web/contactuspage.html</file>
            <file>file:/C:/Users/Ayush%20Rastogi/Downloads/Examination-System-master/web/accounts.jsp</file>
            <file>file:/C:/Users/Ayush%20Rastogi/Downloads/Examination-System-master/web/style.css</file>
            <file>file:/C:/Users/Ayush%20Rastogi/Downloads/Examination-System-master/web/style-front.css</file>
            <file>file:/C:/Users/Ayush%20Rastogi/Downloads/Examination-System-master/web/adm-page.jsp</file>
            <file>file:/C:/Users/Ayush%20Rastogi/Downloads/Examination-System-master/web/contactus.html</file>
            <file>file:/C:/Users/Ayush%20Rastogi/Downloads/Examination-System-master/web/web1.css</file>
        </group>
    </open-files>
</project-private>
